symbol,name,sector,market_cap,date_of_listing
CRAFTSMAN.NS,Craftsman Automation Limited,Consumer Cyclical,168098365440,2021-03-25 03:45:00+00:00
HSCL.NS,Himadri Speciality Chemical Limited,Basic Materials,223678480384,2007-03-02 03:45:00+00:00
HEG.NS,HEG Limited,Industrials,103959789568,2002-07-01 03:45:00+00:00
ANANTRAJ.NS,Anant Raj Limited,Real Estate,211895533568,2006-09-27 03:45:00+00:00
NUVOCO.NS,Nuvoco Vistas Corporation Limited,Basic Materials,127528837120,2021-08-23 03:45:00+00:00
BLUEJET.NS,Blue Jet Healthcare Limited,Healthcare,99557376000,2023-11-01 03:45:00+00:00
GMDCLTD.NS,Gujarat Mineral Development Corporation Limited,Energy,179058098176,2002-07-01 03:45:00+00:00
PHOENIXLTD.NS,The Phoenix Mills Limited,Real Estate,622675492864,2007-04-23 03:45:00+00:00
LATENTVIEW.NS,Latent View Analytics Limited,Industrials,100848762880,2021-11-23 03:45:00+00:00
ABCAPITAL.NS,Aditya Birla Capital Limited,Financial Services,917902000128,2017-09-01 03:45:00+00:00
HINDCOPPER.NS,Hindustan Copper Limited,Basic Materials,316410265600,2010-01-08 03:45:00+00:00
YESBANK.NS,Yes Bank Limited,Financial Services,715382915072,2005-07-12 03:45:00+00:00
FEDERALBNK.NS,The Federal Bank Limited,Financial Services,624226533376,1996-01-01 03:45:00+00:00
IIFL.NS,IIFL Finance Limited,Financial Services,241372971008,2005-05-17 03:45:00+00:00
LUPIN.NS,Lupin Limited,Healthcare,944942481408,2001-09-10 03:45:00+00:00
GVT&D.NS,GE Vernova T&D India Ltd,Industrials,739411165184,2002-08-12 03:45:00+00:00
SYRMA.NS,Syrma SGS Technology Limited,Technology,163851747328,2022-08-26 03:45:00+00:00
PRESTIGE.NS,Prestige Estates Projects Limited,Real Estate,719061057536,2010-10-27 03:45:00+00:00
ABREL.NS,Aditya Birla Real Estate Limited,Basic Materials,193441906688,1996-01-01 03:45:00+00:00
NIVABUPA.NS,Niva Bupa Health Insurance Company Limited,Financial Services,138391470080,2024-11-14 03:45:00+00:00
FSL.NS,Firstsource Solutions Limited,Technology,241898897408,2007-02-22 03:45:00+00:00
VEDL.NS,Vedanta Limited,Basic Materials,2030172504064,1996-01-01 03:45:00+00:00
THELEELA.NS,Leela Palaces Hotels & Resorts Limited,Consumer Cyclical,137523331072,2025-06-02 03:45:00+00:00
IDBI.NS,IDBI Bank Limited,Financial Services,1088035618816,1996-01-01 03:45:00+00:00
GRANULES.NS,Granules India Limited,Healthcare,133965266944,2005-06-20 03:45:00+00:00
GLENMARK.NS,Glenmark Pharmaceuticals Limited,Healthcare,547102687232,2002-07-01 03:45:00+00:00
VENTIVE.NS,VENTIVE HOSPITALITY LTD,Consumer Cyclical,171489591296,2024-12-30 03:45:00+00:00
JPPOWER.NS,Jaiprakash Power Ventures Limited,Utilities,127890333696,2005-04-18 03:45:00+00:00
SBFC.NS,SBFC Finance Limited,Financial Services,115712425984,2023-08-16 03:45:00+00:00
BHEL.NS,Bharat Heavy Electricals Limited,Industrials,1014673244160,1996-01-01 03:45:00+00:00
MUTHOOTFIN.NS,Muthoot Finance Limited,Financial Services,1509156192256,2011-05-06 03:45:00+00:00
HINDZINC.NS,Hindustan Zinc Limited,Basic Materials,2007237656576,2002-08-12 03:45:00+00:00
CUB.NS,City Union Bank Limited,Financial Services,202741268480,2002-07-01 03:45:00+00:00
KPIL.NS,Kalpataru Projects International Limited,Industrials,205968769024,2023-05-30 03:45:00+00:00
ASHOKLEY.NS,Ashok Leyland Limited,Industrials,930124922880,2002-07-01 03:45:00+00:00
MAHSCOOTER.NS,Maharashtra Scooters Ltd.,Financial Services,166130024448,2002-07-01 03:45:00+00:00
DATAPATTNS.NS,Data Patterns (India) Limited,Industrials,165986861056,2021-12-24 03:45:00+00:00
SARDAEN.NS,Sarda Energy & Minerals Limited,Basic Materials,171010637824,2009-12-03 03:45:00+00:00
NEULANDLAB.NS,Neuland Laboratories Limited,Healthcare,213734211584,2008-10-13 03:45:00+00:00
JMFINANCIL.NS,JM Financial Limited,Financial Services,139931074560,2006-10-10 03:45:00+00:00
IDEA.NS,Vodafone Idea Limited,Communication Services,1105373429760,2007-03-09 03:45:00+00:00
KIRLOSENG.NS,Kirloskar Oil Engines Limited,Industrials,165619662848,2002-08-12 03:45:00+00:00
GMRAIRPORT.NS,GMR Airports Limited,Industrials,1128192147456,2006-08-21 03:45:00+00:00
BEL.NS,Bharat Electronics Limited,Industrials,3020035194880,2002-07-01 03:45:00+00:00
MAHABANK.NS,Bank of Maharashtra,Financial Services,455416938496,2004-04-12 03:45:00+00:00
AUROPHARMA.NS,Aurobindo Pharma Limited,Healthcare,716883427328,1996-01-15 03:45:00+00:00
NAVA.NS,Nava Limited,Industrials,148842348544,2002-07-01 03:45:00+00:00
IDFCFIRSTB.NS,IDFC First Bank Limited,Financial Services,692689108992,2015-11-06 03:45:00+00:00
ABLBL.NS,ADITYA BIRLA LIFES BRAN L,Consumer Cyclical,161072611328,2025-06-23 03:45:00+00:00
ACMESOLAR.NS,ACME SOLAR HOLDINGS LTD,Utilities,141282312192,2024-11-13 03:45:00+00:00
CHOLAFIN.NS,Cholamandalam Investment and Finance Company Limited,Financial Services,1458616401920,2002-07-01 03:45:00+00:00
CAMPUS.NS,Campus Activewear Limited,Consumer Cyclical,82676514816,2022-05-09 03:45:00+00:00
SBIN.NS,State Bank of India,Financial Services,8979083165696,1996-01-01 03:45:00+00:00
JWL.NS,Jupiter Wagons Limited,Industrials,124802424832,2010-10-18 03:45:00+00:00
EIDPARRY.NS,E.I.D.- Parry (India) Limited,Basic Materials,183173332992,2002-07-01 03:45:00+00:00
KARURVYSYA.NS,The Karur Vysya Bank Limited,Financial Services,242524684288,1996-01-01 03:45:00+00:00
GODREJPROP.NS,Godrej Properties Limited,Real Estate,631810424832,2010-01-05 03:45:00+00:00
SOBHA.NS,Sobha Limited,Real Estate,164932419584,2006-12-20 03:45:00+00:00
GRSE.NS,Garden Reach Shipbuilders & Engineers Limited,Industrials,318315790336,2018-10-24 03:45:00+00:00
HINDALCO.NS,Hindalco Industries Limited,Basic Materials,1807771107328,1996-01-01 03:45:00+00:00
ATHERENERG.NS,Ather Energy Limited,Consumer Cyclical,270150778880,2025-05-06 03:45:00+00:00
WELCORP.NS,Welspun Corp Limited,Basic Materials,227404742656,2000-06-23 03:45:00+00:00
MAXHEALTH.NS,Max Healthcare Institute Limited,Healthcare,1129600909312,2020-08-21 03:45:00+00:00
GRAPHITE.NS,Graphite India Limited,Industrials,108785131520,2002-07-01 03:45:00+00:00
JSWSTEEL.NS,JSW Steel Limited,Basic Materials,2821142085632,2003-05-08 03:45:00+00:00
MMTC.NS,MMTC Limited,Industrials,92100001792,2010-01-08 03:45:00+00:00
DRREDDY.NS,Dr. Reddy's Laboratories Limited,Healthcare,1038989656064,1996-01-01 03:45:00+00:00
CHENNPETRO.NS,Chennai Petroleum Corporation Limited,Energy,137542696960,2002-07-01 03:45:00+00:00
NHPC.NS,NHPC Limited,Utilities,773467668480,2009-09-01 03:45:00+00:00
JUBLPHARMA.NS,Jubilant Pharmova Limited,Healthcare,174259339264,2002-07-01 03:45:00+00:00
CENTURYPLY.NS,Century Plyboards (India) Limited,Basic Materials,180014874624,2006-03-23 03:45:00+00:00
CEATLTD.NS,CEAT Limited,Consumer Cyclical,156713549824,2008-02-01 03:45:00+00:00
LTF.NS,L&T Finance Limited,Financial Services,769802436608,2011-08-12 03:45:00+00:00
BSE.NS,BSE Limited,Financial Services,1182119886848,2017-02-03 03:45:00+00:00
JUBLFOOD.NS,Jubilant FoodWorks Limited,Consumer Cyclical,399462334464,2010-02-08 03:45:00+00:00
ADANIPOWER.NS,Adani Power Limited,Utilities,2872455200768,2009-08-20 03:45:00+00:00
LEMONTREE.NS,Lemon Tree Hotels Limited,Consumer Cyclical,122126655488,2018-04-09 03:45:00+00:00
NATIONALUM.NS,National Aluminium Company Limited,Basic Materials,480275103744,1999-04-28 03:45:00+00:00
POLYCAB.NS,Polycab India Limited,Industrials,1124805771264,2019-04-16 03:45:00+00:00
CENTRALBK.NS,Central Bank of India,Financial Services,350651285504,2007-08-21 03:45:00+00:00
AKUMS.NS,AKUMS DRUGS AND PHARMA L,Healthcare,64743215104,2024-08-06 03:45:00+00:00
FLUOROCHEM.NS,Gujarat Fluorochemicals Limited,Basic Materials,380245770240,2019-10-16 03:45:00+00:00
AEGISLOG.NS,AEGIS LOGISTICS LIMITED,Energy,267496144896,2024-05-30 03:45:00+00:00
SUMICHEM.NS,Sumitomo Chemical India Limited,Basic Materials,227810099200,2020-01-27 03:45:00+00:00
AUBANK.NS,AU Small Finance Bank Limited,Financial Services,705503559680,2017-07-11 03:45:00+00:00
RPOWER.NS,Reliance Power Limited,Utilities,166295470080,2008-02-11 03:45:00+00:00
MOTHERSON.NS,Samvardhana Motherson International Limited,Consumer Cyclical,1221254578176,2002-07-01 03:45:00+00:00
BRIGADE.NS,Brigade Enterprises Limited,Real Estate,220266004480,2007-12-31 03:45:00+00:00
RELIANCE.NS,Reliance Industries Limited,Energy,21123613851648,1996-01-01 03:45:00+00:00
ANGELONE.NS,Angel One Limited,Financial Services,250048233472,2020-10-05 03:45:00+00:00
HEROMOTOCO.NS,Hero MotoCorp Limited,Consumer Cyclical,1229601636352,2002-07-01 03:45:00+00:00
INDIANB.NS,Indian Bank,Financial Services,1167900934144,2007-03-01 03:45:00+00:00
RADICO.NS,Radico Khaitan Limited,Consumer Defensive,424540078080,2003-06-18 03:45:00+00:00
AKZOINDIA.NS,Akzo Nobel India Limited,Basic Materials,155046543360,2002-07-01 03:45:00+00:00
UPL.NS,UPL Limited,Basic Materials,640545128448,2002-07-01 03:45:00+00:00
JIOFIN.NS,Jio Financial Services Limited,Financial Services,1945967263744,2023-08-21 03:45:00+00:00
BANKBARODA.NS,Bank of Baroda Limited,Financial Services,1485818560512,2002-07-01 03:45:00+00:00
CIPLA.NS,Cipla Limited,Healthcare,1231204777984,1996-01-01 03:45:00+00:00
NSLNISP.NS,NMDC Steel Limited,Basic Materials,125459243008,2023-02-20 03:45:00+00:00
MANAPPURAM.NS,Manappuram Finance Limited,Financial Services,240768368640,2010-06-30 03:45:00+00:00
OBEROIRLTY.NS,Oberoi Realty Limited,Real Estate,603904016384,2010-10-20 03:45:00+00:00
INDIACEM.NS,The India Cements Limited,Basic Materials,185868828672,1996-01-02 03:45:00+00:00
SAIL.NS,Steel Authority of India Limited,Basic Materials,566476734464,1996-01-01 03:45:00+00:00
IOB.NS,Indian Overseas Bank,Financial Services,755243483136,2002-07-01 03:45:00+00:00
HUDCO.NS,Housing and Urban Development Corporation Limited,Financial Services,479475073024,2017-05-19 03:45:00+00:00
SHRIRAMFIN.NS,Shriram Finance Limited,Financial Services,1633421492224,2002-07-01 03:45:00+00:00
TARIL.NS,TRANS & RECTI. LTD,Industrials,85487222784,2013-06-06 03:45:00+00:00
RAILTEL.NS,RailTel Corporation of India Limited,Communication Services,111372681216,2021-02-26 03:45:00+00:00
DEEPAKFERT.NS,Deepak Fertilisers And Petrochemicals Corporation Limited,Basic Materials,173747830784,1996-01-01 03:45:00+00:00
APARINDS.NS,APAR Industries Limited,Industrials,369645649920,2004-07-12 03:45:00+00:00
GICRE.NS,General Insurance Corporation of India,Financial Services,676233478144,2017-10-25 03:45:00+00:00
POONAWALLA.NS,Poonawalla Fincorp Limited,Financial Services,377423364096,2004-04-27 03:45:00+00:00
BAJAJ-AUTO.NS,Bajaj Auto Limited,Consumer Cyclical,2516909817856,2002-07-01 03:45:00+00:00
CHAMBLFERT.NS,Chambal Fertilisers and Chemicals Limited,Basic Materials,177448894464,2002-07-01 03:45:00+00:00
BEML.NS,BEML Limited,Industrials,154417807360,2002-07-01 03:45:00+00:00
GODREJCP.NS,Godrej Consumer Products Limited,Consumer Defensive,1169159225344,2002-07-01 03:45:00+00:00
EMCURE.NS,EMCURE PHARMACEUTICALS L,Healthcare,267419123712,2024-07-10 03:45:00+00:00
IEX.NS,Indian Energy Exchange Limited,Financial Services,125284630528,2017-10-23 03:45:00+00:00
UNIONBANK.NS,Union Bank of India,Financial Services,1172598161408,2002-09-24 03:45:00+00:00
TATASTEEL.NS,Tata Steel Limited,Basic Materials,2095894102016,1996-01-01 03:45:00+00:00
FACT.NS,The Fertilisers and Chemicals Travancore Limited,Basic Materials,571688091648,2002-07-01 03:45:00+00:00
DLF.NS,DLF Limited,Real Estate,1797209063424,2007-07-05 03:45:00+00:00
ZENTEC.NS,Zen Technologies Limited,Industrials,126735130624,2015-03-30 03:45:00+00:00
IGIL.NS,International Gemmological Institute (India) Limited,Basic Materials,141748387840,2024-12-20 03:45:00+00:00
SBICARD.NS,SBI Cards and Payment Services Limited,Financial Services,838741590016,2020-03-16 03:45:00+00:00
KAJARIACER.NS,Kajaria Ceramics Limited,Industrials,172810436608,2002-07-01 03:45:00+00:00
AIAENG.NS,AIA Engineering Limited,Industrials,357090394112,2005-12-14 03:45:00+00:00
IRCON.NS,Ircon International Limited,Industrials,153078333440,2018-09-28 03:45:00+00:00
TORNTPHARM.NS,Torrent Pharmaceuticals Limited,Healthcare,1260844613632,2002-07-01 03:45:00+00:00
ANANDRATHI.NS,Anand Rathi Wealth Limited,Financial Services,238684323840,2021-12-14 03:45:00+00:00
MINDACORP.NS,Minda Corporation Limited,Consumer Cyclical,138027417600,2012-03-19 03:45:00+00:00
RHIM.NS,RHI Magnesita India Limited,Industrials,96575938560,2012-03-12 03:45:00+00:00
TTML.NS,Tata Teleservices (Maharashtra) Limited,Communication Services,102966042624,2000-10-26 03:45:00+00:00
CUMMINSIND.NS,Cummins India Limited,Industrials,1235780894720,2002-07-01 03:45:00+00:00
ADANIENSOL.NS,Adani Energy Solutions Limited,Utilities,1180740747264,2023-08-16 03:45:00+00:00
GODREJAGRO.NS,Godrej Agrovet Limited,Consumer Defensive,115995426816,2017-10-16 03:45:00+00:00
EIHOTEL.NS,EIH Limited,Consumer Cyclical,234417766400,1996-01-01 03:45:00+00:00
AMBUJACEM.NS,Ambuja Cements Limited,Basic Materials,1354178887680,2002-07-01 03:45:00+00:00
ZYDUSLIFE.NS,Zydus Lifesciences Limited,Healthcare,943344386048,2000-04-27 03:45:00+00:00
PETRONET.NS,Petronet LNG Limited,Energy,411820228608,2004-03-26 03:45:00+00:00
JBCHEPHARM.NS,J. B. Chemicals & Pharmaceuticals Limited,Healthcare,277581037568,2002-07-01 03:45:00+00:00
FORTIS.NS,Fortis Healthcare Limited,Healthcare,697468125184,2007-05-09 03:45:00+00:00
PFC.NS,Power Finance Corporation Limited,Financial Services,1207141400576,2007-02-23 03:45:00+00:00
KFINTECH.NS,KFin Technologies Limited,Technology,183676043264,2022-12-29 03:45:00+00:00
BANKINDIA.NS,Bank of India Limited,Financial Services,669469769728,2002-07-01 03:45:00+00:00
AADHARHFC.NS,AADHAR HOUSING FINANCE L,Financial Services,209465933824,2024-05-15 03:45:00+00:00
PFIZER.NS,Pfizer Limited,Healthcare,231735132160,2002-07-01 03:45:00+00:00
ETERNAL.NS,Eternal Limited,Consumer Cyclical,2756956651520,2021-07-23 03:45:00+00:00
ONGC.NS,Oil and Natural Gas Corporation Limited,Energy,3065196052480,1996-01-01 03:45:00+00:00
PNB.NS,Punjab National Bank,Financial Services,1433484263424,2002-07-01 03:45:00+00:00
M&MFIN.NS,Mahindra & Mahindra Financial Services Limited,Financial Services,499764363264,2006-03-17 03:45:00+00:00
NTPC.NS,NTPC Limited,Utilities,3172264312832,2004-11-05 03:45:00+00:00
ICICIPRULI.NS,ICICI Prudential Life Insurance Company Limited,Financial Services,904811511808,2016-09-29 03:45:00+00:00
SAGILITY.NS,Sagility Limited,Healthcare,233645113344,2024-11-12 03:45:00+00:00
USHAMART.NS,Usha Martin Limited,Basic Materials,128185638912,2002-01-01 03:45:00+00:00
INDHOTEL.NS,The Indian Hotels Company Limited,Consumer Cyclical,1048859246592,2002-07-01 03:45:00+00:00
HYUNDAI.NS,HYUNDAI MOTOR INDIA LTD,Consumer Cyclical,1871525969920,2024-10-22 03:45:00+00:00
MANKIND.NS,Mankind Pharma Limited,Healthcare,927366578176,2023-05-09 03:45:00+00:00
BAJAJFINSV.NS,Bajaj Finserv Ltd.,Financial Services,3356147056640,2002-08-12 03:45:00+00:00
PNBHOUSING.NS,PNB Housing Finance Limited,Financial Services,237922467840,2016-11-07 03:45:00+00:00
JUBLINGREA.NS,Jubilant Ingrevia Limited,Basic Materials,112670474240,2021-03-19 03:45:00+00:00
ASIANPAINT.NS,Asian Paints Limited,Basic Materials,2759826866176,2002-07-01 03:45:00+00:00
GAIL.NS,GAIL (India) Limited,Utilities,1207118856192,1997-04-02 03:45:00+00:00
J&KBANK.NS,Jammu and Kashmir Bank Limited,Financial Services,118564315136,2002-08-12 03:45:00+00:00
INDIAMART.NS,IndiaMART InterMESH Limited,Communication Services,140532105216,2019-07-04 03:45:00+00:00
NBCC.NS,NBCC (India) Limited,Industrials,317438984192,2012-04-12 03:45:00+00:00
NMDC.NS,NMDC Limited,Basic Materials,652430671872,2008-03-03 03:45:00+00:00
EXIDEIND.NS,Exide Industries Limited,Consumer Cyclical,312499961856,2002-07-01 03:45:00+00:00
CREDITACC.NS,CreditAccess Grameen Limited,Financial Services,218686619648,2018-08-23 03:45:00+00:00
SYNGENE.NS,Syngene International Limited,Healthcare,258331000832,2015-08-11 03:45:00+00:00
SBILIFE.NS,SBI Life Insurance Company Limited,Financial Services,2010424016896,2017-10-03 03:45:00+00:00
IPCALAB.NS,Ipca Laboratories Limited,Healthcare,355300966400,1996-01-01 03:45:00+00:00
SAREGAMA.NS,Saregama India Limited,Communication Services,75827437568,2002-07-01 03:45:00+00:00
MPHASIS.NS,Mphasis Limited,Technology,531945684992,2002-07-01 03:45:00+00:00
CANBK.NS,Canara Bank,Financial Services,1371028848640,2002-12-23 03:45:00+00:00
BHARATFORG.NS,Bharat Forge Limited,Consumer Cyclical,687781052416,1996-01-01 03:45:00+00:00
UCOBANK.NS,UCO Bank,Financial Services,388979261440,2003-10-09 03:45:00+00:00
LICHSGFIN.NS,LIC Housing Finance Limited,Financial Services,302452113408,2002-07-01 03:45:00+00:00
NCC.NS,NCC Limited,Industrials,109672235008,2002-08-12 03:45:00+00:00
INDUSTOWER.NS,Indus Towers Limited,Communication Services,1065534423040,2012-12-28 03:45:00+00:00
ULTRACEMCO.NS,UltraTech Cement Limited,Basic Materials,3421372153856,2002-08-12 03:45:00+00:00
ALKYLAMINE.NS,Alkyl Amines Chemicals Limited,Basic Materials,87466426368,2007-11-26 03:45:00+00:00
METROPOLIS.NS,Metropolis Healthcare Limited,Healthcare,100228620288,2019-04-15 03:45:00+00:00
POWERINDIA.NS,Hitachi Energy India Limited,Industrials,974708473856,2020-03-30 03:45:00+00:00
LODHA.NS,Lodha Developers Limited,Real Estate,1157760548864,2021-04-19 03:45:00+00:00
UNOMINDA.NS,Uno Minda Limited,Consumer Cyclical,758683992064,2007-02-02 03:45:00+00:00
MARUTI.NS,Maruti Suzuki India Limited,Consumer Cyclical,5001516154880,2003-07-09 03:45:00+00:00
OIL.NS,Oil India Limited,Energy,678702088192,2009-09-30 03:45:00+00:00
JKCEMENT.NS,J.K. Cement Limited,Basic Materials,450667053056,2006-03-14 03:45:00+00:00
BALKRISIND.NS,Balkrishna Industries Limited,Consumer Cyclical,443875590144,2006-01-27 03:45:00+00:00
COCHINSHIP.NS,Cochin Shipyard Limited,Industrials,441554796544,2017-08-11 03:45:00+00:00
DIVISLAB.NS,Divi's Laboratories Limited,Healthcare,1724483895296,2003-03-12 03:45:00+00:00
FINCABLES.NS,Finolex Cables Limited,Industrials,115515080704,2002-07-01 03:45:00+00:00
WHIRLPOOL.NS,Whirlpool of India Limited,Consumer Cyclical,135853064192,2002-08-12 03:45:00+00:00
APOLLOHOSP.NS,Apollo Hospitals Enterprise Limited,Healthcare,1053869604864,2002-07-01 03:45:00+00:00
TITAN.NS,Titan Company Limited,Consumer Cyclical,3464532590592,1996-01-01 03:45:00+00:00
VBL.NS,Varun Beverages Limited,Consumer Defensive,1580065226752,2016-11-08 03:45:00+00:00
ONESOURCE.NS,ONESOURCE SPECL PHARMA L,Healthcare,183080009728,2025-01-24 03:45:00+00:00
SIEMENS.NS,Siemens Limited,Industrials,1174845390848,1999-01-04 03:45:00+00:00
PTCIL.NS,PTC Industries Limited,Industrials,270840397824,2023-06-09 03:45:00+00:00
AJANTPHARM.NS,Ajanta Pharma Limited,Healthcare,317573562368,2002-07-01 03:45:00+00:00
AMBER.NS,Amber Enterprises India Limited,Consumer Cyclical,250249068544,2018-01-30 03:45:00+00:00
DEVYANI.NS,Devyani International Limited,Consumer Cyclical,169211723776,2021-08-16 03:45:00+00:00
PATANJALI.NS,Patanjali Foods Limited,Consumer Defensive,617314779136,2002-07-01 03:45:00+00:00
LTFOODS.NS,LT Foods Limited,Consumer Defensive,141610418176,2023-10-30 03:45:00+00:00
JBMA.NS,JBM Auto Limited,Consumer Cyclical,146801459200,2004-12-17 03:45:00+00:00
AXISBANK.NS,Axis Bank Limited,Financial Services,3985022124032,1998-11-27 03:45:00+00:00
JYOTICNC.NS,Jyoti CNC Automation Limited,Industrials,236451790848,2024-01-16 03:45:00+00:00
LT.NS,Larsen & Toubro Limited,Industrials,5630527537152,2002-07-01 03:45:00+00:00
SOLARINDS.NS,Solar Industries India Limited,Basic Materials,1207227777024,2006-04-03 03:45:00+00:00
NATCOPHARM.NS,NATCO Pharma Limited,Healthcare,158207754240,1996-01-01 03:45:00+00:00
PCBL.NS,PCBL Chemical Limited,Basic Materials,129113128960,2002-07-01 03:45:00+00:00
WAAREEENER.NS,WAAREE ENERGIES LIMITED,Technology,928936296448,2024-10-28 03:45:00+00:00
PIDILITIND.NS,Pidilite Industries Limited,Basic Materials,1496243109888,2002-07-01 03:45:00+00:00
BAJAJHLDNG.NS,Bajaj Holdings & Investment Limited,Financial Services,1257486942208,2002-08-12 03:45:00+00:00
PIIND.NS,PI Industries Limited,Basic Materials,520675819520,2011-06-15 03:45:00+00:00
LAURUSLABS.NS,Laurus Labs Limited,Healthcare,540461006848,2016-12-19 03:45:00+00:00
RBLBANK.NS,RBL Bank Limited,Financial Services,192278478848,2016-08-31 03:45:00+00:00
OLECTRA.NS,Olectra Greentech Limited,Industrials,104551407616,2002-07-01 03:45:00+00:00
FINPIPE.NS,Finolex Industries Limited,Industrials,112322912256,2002-07-01 03:45:00+00:00
HBLENGINE.NS,HBL ENGINEERING LTD,Industrials,243598917632,2024-12-12 03:45:00+00:00
TVSMOTOR.NS,TVS Motor Company Limited,Consumer Cyclical,1666016083968,2000-08-02 03:45:00+00:00
ICICIGI.NS,ICICI Lombard General Insurance Company Limited,Financial Services,986531299328,2017-09-27 03:45:00+00:00
APLAPOLLO.NS,APL Apollo Tubes Limited,Basic Materials,480120176640,2011-12-14 03:45:00+00:00
COALINDIA.NS,Coal India Limited,Energy,2326429958144,2010-11-04 03:45:00+00:00
HFCL.NS,HFCL Limited,Technology,102980788224,2002-08-12 03:45:00+00:00
FORCEMOT.NS,Force Motors Limited,Consumer Cyclical,227369582592,2019-08-19 03:45:00+00:00
JSWINFRA.NS,JSW Infrastructure Limited,Industrials,561977491456,2023-10-03 03:45:00+00:00
HDFCLIFE.NS,HDFC Life Insurance Company Limited,Financial Services,1679108210688,2017-11-17 03:45:00+00:00
LICI.NS,Life Insurance Corporation of India,Financial Services,5698190573568,2022-05-17 03:45:00+00:00
ABB.NS,ABB India Limited,Industrials,1105241964544,2002-07-01 03:45:00+00:00
ATUL.NS,Atul Ltd,Basic Materials,174516011008,2002-07-01 03:45:00+00:00
MCX.NS,Multi Commodity Exchange of India Limited,Financial Services,527404072960,2012-03-09 03:45:00+00:00
JINDALSAW.NS,Jindal Saw Limited,Basic Materials,106400284672,2002-07-01 03:45:00+00:00
HAL.NS,Hindustan Aeronautics Limited,Industrials,2988287197184,2018-04-02 03:45:00+00:00
CDSL.NS,Central Depository Services (India) Limited,Financial Services,337869406208,2017-06-30 03:45:00+00:00
ADANIGREEN.NS,Adani Green Energy Limited,Utilities,1694944329728,2018-06-18 03:45:00+00:00
TRIVENI.NS,Triveni Engineering & Industries Limited,Consumer Defensive,79120670720,2005-12-13 03:45:00+00:00
OLAELEC.NS,OLA ELECTRIC MOBILITY LTD,Consumer Cyclical,174675574784,2024-08-09 03:45:00+00:00
SUPREMEIND.NS,The Supreme Industries Limited,Industrials,434888146944,2002-07-01 03:45:00+00:00
SUNPHARMA.NS,Sun Pharmaceutical Industries Limited,Healthcare,4345435521024,1996-01-01 03:45:00+00:00
CONCOR.NS,Container Corporation of India Limited,Industrials,391965114368,2002-07-01 03:45:00+00:00
TORNTPOWER.NS,Torrent Power Limited,Utilities,663439409152,2006-11-28 03:45:00+00:00
BLUEDART.NS,Blue Dart Express Limited,Industrials,136316977152,2002-07-01 03:45:00+00:00
AFCONS.NS,AFCONS INFRASTRUCTURE LTD,Industrials,150902030336,2024-11-04 03:45:00+00:00
GODREJIND.NS,Godrej Industries Limited,Industrials,350847795200,2002-07-01 03:45:00+00:00
SHYAMMETL.NS,Shyam Metalics and Energy Limited,Basic Materials,227076128768,2021-06-24 03:45:00+00:00
ENDURANCE.NS,Endurance Technologies Limited,Consumer Cyclical,375851122688,2016-10-19 03:45:00+00:00
MANYAVAR.NS,Vedant Fashions Limited,Consumer Cyclical,149532033024,2022-02-16 03:45:00+00:00
DMART.NS,Avenue Supermarts Limited,Consumer Defensive,2605274890240,2017-03-21 03:45:00+00:00
PGEL.NS,PG Electroplast Limited,Technology,166356664320,2011-09-26 03:45:00+00:00
ACE.NS,Action Construction Equipment Limited,Industrials,116634894336,2006-09-26 03:45:00+00:00
BRITANNIA.NS,Britannia Industries Limited,Consumer Defensive,1408383451136,1996-01-02 03:45:00+00:00
RRKABEL.NS,R R Kabel Limited,Industrials,156730327040,2023-09-15 03:45:00+00:00
JINDALSTEL.NS,Jindal Steel Limited,Basic Materials,1058327429120,1999-09-22 03:45:00+00:00
BIOCON.NS,Biocon Limited,Healthcare,532828815360,2004-04-07 03:45:00+00:00
SRF.NS,SRF Limited,Industrials,843595382784,2002-07-01 03:45:00+00:00
ALKEM.NS,Alkem Laboratories Limited,Healthcare,681281388544,2015-12-23 03:45:00+00:00
SAPPHIRE.NS,Sapphire Foods India Limited,Consumer Cyclical,81325948928,2021-11-18 03:45:00+00:00
CARBORUNIV.NS,Carborundum Universal Limited,Industrials,165997887488,2002-07-01 03:45:00+00:00
SUZLON.NS,Suzlon Energy Limited,Industrials,754565120000,2005-10-19 03:45:00+00:00
ATGL.NS,Adani Total Gas Limited,Utilities,664010293248,2018-11-05 03:30:00+00:00
BHARTIARTL.NS,Bharti Airtel Limited,Communication Services,12879587704832,2002-07-01 03:45:00+00:00
VOLTAS.NS,Voltas Limited,Consumer Cyclical,460757008384,2002-07-01 03:45:00+00:00
KEI.NS,KEI Industries Limited,Industrials,394555588608,2006-03-23 03:45:00+00:00
BAYERCROP.NS,Bayer CropScience Limited,Basic Materials,205569622016,2010-01-08 03:45:00+00:00
MFSL.NS,Max Financial Services Limited,Financial Services,597083095040,1996-01-01 03:45:00+00:00
LINDEINDIA.NS,Linde India Limited,Basic Materials,514008023040,2000-05-31 03:45:00+00:00
TATAPOWER.NS,Tata Power Company Limited,Utilities,1255452311552,1996-01-01 03:45:00+00:00
INDGN.NS,INDEGENE LIMITED,Healthcare,125268844544,2024-05-13 03:45:00+00:00
IRFC.NS,Indian Railway Finance Corporation Limited,Financial Services,1539600678912,2021-01-29 03:45:00+00:00
CONCORDBIO.NS,Concord Biotech Limited,Healthcare,149036515328,2023-08-18 03:45:00+00:00
HONASA.NS,Honasa Consumer Limited,Consumer Defensive,94357241856,2023-11-07 03:45:00+00:00
SHREECEM.NS,Shree Cement Limited,Basic Materials,964714561536,2001-07-02 03:45:00+00:00
ITC.NS,ITC Limited,Consumer Defensive,5047213096960,1996-01-01 03:45:00+00:00
CGPOWER.NS,CG Power and Industrial Solutions Limited,Industrials,1070780252160,2002-07-01 03:45:00+00:00
BDL.NS,Bharat Dynamics Limited,Industrials,549623824384,2018-03-23 03:45:00+00:00
IREDA.NS,Indian Renewable Energy Development Agency Limited,Financial Services,403625541632,2023-11-29 03:45:00+00:00
TITAGARH.NS,Titagarh Rail Systems Limited,Industrials,112977821696,2008-04-21 03:45:00+00:00
CHOICEIN.NS,Choice International Limited,Financial Services,169531736064,2022-04-08 03:45:00+00:00
SUNDARMFIN.NS,Sundaram Finance Limited,Financial Services,515642687488,2002-07-01 03:45:00+00:00
APLLTD.NS,Alembic Pharmaceuticals Limited,Healthcare,178371198976,2011-09-20 03:45:00+00:00
HAVELLS.NS,Havells India Limited,Industrials,901236850688,2002-07-01 03:45:00+00:00
BANDHANBNK.NS,Bandhan Bank Limited,Financial Services,241493278720,2018-03-27 03:45:00+00:00
PPLPHARMA.NS,Piramal Pharma Limited,Healthcare,247427989504,2022-10-19 03:45:00+00:00
ALOKINDS.NS,Alok Industries Limited,Consumer Cyclical,84507500544,1996-01-02 03:45:00+00:00
GRASIM.NS,Grasim Industries Limited,Basic Materials,1852998287360,2002-07-01 03:45:00+00:00
IRCTC.NS,Indian Railway Catering & Tourism Corporation Limited,Industrials,550599983104,2019-10-14 03:45:00+00:00
COLPAL.NS,Colgate-Palmolive (India) Limited,Consumer Defensive,590581923840,2002-07-01 03:45:00+00:00
DELHIVERY.NS,Delhivery Limited,Industrials,318291181568,2022-05-24 03:45:00+00:00
NYKAA.NS,FSN E-Commerce Ventures Limited,Consumer Cyclical,757237481472,2021-11-10 03:45:00+00:00
JSWENERGY.NS,JSW Energy Limited,Utilities,851420119040,2010-01-04 03:45:00+00:00
DABUR.NS,Dabur India Limited,Consumer Defensive,919658299392,2002-07-01 03:45:00+00:00
CGCL.NS,Capri Global Capital Limited,Financial Services,181250572288,2010-10-29 03:45:00+00:00
ICICIBANK.NS,ICICI Bank Limited,Financial Services,9943701782528,2002-07-01 03:45:00+00:00
BERGEPAINT.NS,Berger Paints India Limited,Basic Materials,663044358144,2002-07-01 03:45:00+00:00
CHALET.NS,Chalet Hotels Limited,Consumer Cyclical,195520233472,2019-02-07 03:45:00+00:00
BIKAJI.NS,Bikaji Foods International Limited,Consumer Defensive,179311607808,2022-11-16 03:45:00+00:00
SUNTV.NS,Sun TV Network Limited,Communication Services,222263721984,2006-04-24 03:45:00+00:00
VMM.NS,VISHAL MEGA MART LIMITED,Consumer Cyclical,630874439680,2024-12-18 03:45:00+00:00
AARTIIND.NS,Aarti Industries Limited,Basic Materials,137822666752,2002-07-01 03:45:00+00:00
BAJFINANCE.NS,Bajaj Finance Limited,Financial Services,6426449149952,2002-07-01 03:45:00+00:00
RECLTD.NS,REC Limited,Financial Services,956241346560,2008-03-12 03:45:00+00:00
UTIAMC.NS,UTI Asset Management Company Limited,Financial Services,146448302080,2020-10-13 03:45:00+00:00
TATACHEM.NS,Tata Chemicals Limited,Basic Materials,206123286528,1996-01-01 03:45:00+00:00
RKFORGE.NS,Ramkrishna Forgings Limited,Industrials,98382692352,2004-05-05 03:45:00+00:00
WIPRO.NS,Wipro Limited,Technology,2606921154560,1996-01-01 03:45:00+00:00
HINDUNILVR.NS,Hindustan Unilever Limited,Consumer Defensive,5752148721664,1996-01-01 03:45:00+00:00
BATAINDIA.NS,Bata India Limited,Consumer Cyclical,128488980480,2002-07-01 03:45:00+00:00
ADVENTHTL.NS,Advent Hotels International Limited,Consumer Cyclical,13409247232,2025-11-13 03:45:00+00:00
KALYANKJIL.NS,Kalyan Jewellers India Limited,Consumer Cyclical,509412474880,2021-03-26 03:45:00+00:00
KEC.NS,KEC International Limited,Industrials,187391492096,2002-08-12 03:45:00+00:00
NIACL.NS,The New India Assurance Company Limited,Financial Services,282170556416,2017-11-13 03:45:00+00:00
CHOLAHLDNG.NS,Cholamandalam Financial Holdings Limited,Financial Services,338709577728,2002-07-01 03:45:00+00:00
TECHM.NS,Tech Mahindra Limited,Technology,1336991809536,2006-08-28 03:45:00+00:00
KIMS.NS,Krishna Institute of Medical Sciences Limited,Healthcare,274835423232,2021-06-28 03:45:00+00:00
ZENSARTECH.NS,Zensar Technologies Limited,Technology,170052108288,2002-07-01 03:45:00+00:00
NLCINDIA.NS,NLC India Limited,Utilities,344449712128,2000-08-23 03:45:00+00:00
ASTRAZEN.NS,AstraZeneca Pharma India Limited,Healthcare,225097334784,2002-07-01 03:45:00+00:00
HOMEFIRST.NS,Home First Finance Company India Limited,Financial Services,115219120128,2021-02-03 03:45:00+00:00
ABBOTINDIA.NS,Abbott India Limited,Healthcare,626004459520,2002-08-12 03:45:00+00:00
COFORGE.NS,Coforge Limited,Technology,639317639168,2004-08-30 03:45:00+00:00
CESC.NS,CESC Limited,Utilities,226162573312,2002-07-01 03:45:00+00:00
GUJGASLTD.NS,Gujarat Gas Limited,Utilities,276737916928,2015-09-15 03:45:00+00:00
INDUSINDBK.NS,IndusInd Bank Limited,Financial Services,668135522304,2002-07-01 03:45:00+00:00
DALBHARAT.NS,Dalmia Bharat Limited,Basic Materials,376791728128,2018-12-21 03:45:00+00:00
KAYNES.NS,Kaynes Technology India Limited,Technology,372895612928,2022-11-22 03:45:00+00:00
BSOFT.NS,Birlasoft Limited,Technology,107314888704,2002-07-01 03:45:00+00:00
IGL.NS,Indraprastha Gas Limited,Utilities,277766766592,2003-12-26 03:45:00+00:00
TCS.NS,Tata Consultancy Services Limited,Technology,11332934959104,2002-08-12 03:45:00+00:00
PREMIERENE.NS,PREMIER ENERGIES LIMITED,Technology,443987623936,2024-09-03 03:45:00+00:00
CRISIL.NS,CRISIL Limited,Financial Services,323892543488,2002-07-01 03:45:00+00:00
RAMCOCEM.NS,The Ramco Cements Limited,Basic Materials,240049438720,2002-07-01 03:45:00+00:00
M&M.NS,Mahindra & Mahindra Limited,Consumer Cyclical,4415330713600,1996-01-01 03:45:00+00:00
THERMAX.NS,Thermax Limited,Industrials,331454185472,2002-07-01 03:45:00+00:00
CCL.NS,CCL Products (India) Limited,Consumer Defensive,132125876224,2004-06-07 03:45:00+00:00
INOXWIND.NS,Inox Wind Limited,Industrials,233519480832,2015-04-09 03:45:00+00:00
COHANCE.NS,COHANCE LIFESCIENCES LTD,Healthcare,220109996032,2025-05-08 03:45:00+00:00
HDFCBANK.NS,HDFC Bank Limited,Financial Services,15570447630336,1996-01-01 03:45:00+00:00
NETWEB.NS,Netweb Technologies India Limited,Technology,189558177792,2023-07-27 03:45:00+00:00
ADANIPORTS.NS,Adani Ports and Special Economic Zone Limited,Industrials,3258153697280,2007-11-27 03:45:00+00:00
BAJAJHFL.NS,BAJAJ HOUSING FINANCE LTD,Financial Services,877418905600,2024-09-16 03:45:00+00:00
MARICO.NS,Marico Limited,Consumer Defensive,940211634176,1996-05-01 03:45:00+00:00
DBREALTY.NS,Valor Estate Limited,Real Estate,73649930240,2010-02-24 03:45:00+00:00
MRF.NS,MRF Limited,Consumer Cyclical,651485511680,2002-07-01 03:45:00+00:00
SONATSOFTW.NS,Sonata Software Limited,Technology,99795845120,2002-07-01 03:45:00+00:00
GLAND.NS,Gland Pharma Limited,Healthcare,292409704448,2020-11-20 03:45:00+00:00
3MINDIA.NS,3M India Limited,Industrials,395291295744,2002-07-01 03:45:00+00:00
RCF.NS,Rashtriya Chemicals and Fertilizers Limited,Basic Materials,78494187520,2002-07-01 03:45:00+00:00
POWERGRID.NS,Power Grid Corporation of India Limited,Utilities,2548365524992,2007-10-05 03:45:00+00:00
IRB.NS,IRB Infrastructure Developers Limited,Industrials,261672976384,2008-02-25 03:45:00+00:00
ABFRL.NS,Aditya Birla Fashion and Retail Limited,Consumer Cyclical,93794082816,2013-07-17 03:45:00+00:00
PGHH.NS,Procter & Gamble Hygiene and Health Care Limited,Consumer Defensive,415172820992,2002-08-12 03:45:00+00:00
BASF.NS,BASF India Limited,Basic Materials,179752288256,2002-07-01 03:45:00+00:00
PERSISTENT.NS,Persistent Systems Limited,Technology,1000683798528,2010-04-06 03:45:00+00:00
GPIL.NS,Godawari Power & Ispat Limited,Basic Materials,151781228544,2006-04-25 03:45:00+00:00
GODIGIT.NS,GO DIGIT GENERAL INS LTD,Financial Services,327973240832,2024-05-23 03:45:00+00:00
RAINBOW.NS,Rainbow Children's Medicare Limited,Healthcare,138130391040,2022-05-10 03:45:00+00:00
TMPV.NS,Tata Motors Passenger Vehicles Limited,Consumer Cyclical,2637393035264,2025-10-15 03:45:00+00:00
INDIGO.NS,InterGlobe Aviation Limited,Industrials,2287840264192,2015-11-10 03:45:00+00:00
TECHNOE.NS,Techno Electric & Engineering Company Limited,Industrials,140303810560,2007-04-02 03:45:00+00:00
SIGNATURE.NS,Signatureglobal (India) Limited,Real Estate,157744545792,2023-09-27 03:45:00+00:00
OFSS.NS,Oracle Financial Services Software Limited,Technology,709112168448,2002-06-28 03:45:00+00:00
TRIDENT.NS,Trident Limited,Consumer Cyclical,143842590720,2002-07-01 03:45:00+00:00
EICHERMOT.NS,Eicher Motors Limited,Consumer Cyclical,1917763059712,1996-01-01 03:45:00+00:00
UNITDSPR.NS,UNITED SPIRITS LIMITED,Consumer Defensive,1054443503616,2024-05-30 03:45:00+00:00
NUVAMA.NS,Nuvama Wealth Management Limited,Financial Services,267813896192,2023-09-26 03:45:00+00:00
TRITURBINE.NS,Triveni Turbine Limited,Industrials,172485083136,2011-10-28 03:45:00+00:00
DCMSHRIRAM.NS,DCM Shriram Limited,Industrials,190034034688,2002-07-01 03:45:00+00:00
MAZDOCK.NS,Mazagon Dock Shipbuilders Limited,Industrials,1079929602048,2020-10-12 03:45:00+00:00
INTELLECT.NS,Intellect Design Arena Limited,Technology,151824957440,2014-12-18 03:45:00+00:00
CAPLIPOINT.NS,Caplin Point Laboratories Limited,Healthcare,145447862272,2014-06-23 03:45:00+00:00
HDFCAMC.NS,HDFC Asset Management Company Limited,Financial Services,1147566686208,2018-08-06 03:45:00+00:00
TATATECH.NS,Tata Technologies Limited,Technology,274666405888,2023-11-30 03:45:00+00:00
KOTAKBANK.NS,Kotak Mahindra Bank Limited,Financial Services,4198854295552,2001-07-02 03:45:00+00:00
BOSCHLTD.NS,Bosch Limited,Consumer Cyclical,1070142259200,2002-07-01 03:45:00+00:00
TRENT.NS,Trent Limited,Consumer Cyclical,1516261605376,2002-07-01 03:45:00+00:00
MGL.NS,Mahanagar Gas Limited,Utilities,119955734528,2016-07-01 03:45:00+00:00
GESHIP.NS,The Great Eastern Shipping Company Limited,Industrials,156629860352,2002-07-01 03:45:00+00:00
PAGEIND.NS,Page Industries Limited,Consumer Cyclical,434387615744,2007-03-16 03:45:00+00:00
POLYMED.NS,Poly Medicure Limited,Healthcare,198765953024,2011-12-07 03:45:00+00:00
GLAXO.NS,GlaxoSmithKline Pharmaceuticals Limited,Healthcare,427123441664,2002-07-01 03:45:00+00:00
JKTYRE.NS,JK Tyre & Industries Limited,Consumer Cyclical,123076091904,2004-06-14 03:45:00+00:00
WELSPUNLIV.NS,Welspun Living Limited,Consumer Cyclical,126241710080,2003-12-04 03:45:00+00:00
TATAELXSI.NS,Tata Elxsi Limited,Technology,323251011584,2002-07-01 03:45:00+00:00
NAUKRI.NS,Info Edge (India) Limited,Communication Services,861341089792,2006-11-21 03:45:00+00:00
CROMPTON.NS,Crompton Greaves Consumer Electricals Limited,Consumer Cyclical,172150652928,2016-05-13 03:45:00+00:00
CYIENT.NS,Cyient Limited,Industrials,122642743296,2006-07-28 03:45:00+00:00
SJVN.NS,SJVN Limited,Utilities,310296608768,2010-05-20 03:45:00+00:00
HEXT.NS,Hexaware Technologies Limited,Technology,454867320832,2025-02-19 03:45:00+00:00
BALRAMCHIN.NS,Balrampur Chini Mills Limited,Consumer Defensive,90605060096,2002-07-01 03:45:00+00:00
IFCI.NS,IFCI Limited,Financial Services,138809802752,2002-07-01 03:45:00+00:00
ZEEL.NS,Zee Entertainment Enterprises Limited,Communication Services,94716821504,2002-07-01 03:45:00+00:00
DOMS.NS,DOMS Industries Limited,Industrials,153528188928,2023-12-20 03:45:00+00:00
360ONE.NS,360 One Wam Limited,Financial Services,470758064128,2019-09-19 03:45:00+00:00
HCLTECH.NS,HCL Technologies Limited,Technology,4402079858688,2002-08-12 03:45:00+00:00
IKS.NS,INVENTURUS KNOWLEDGE SO L,Healthcare,285502406656,2024-12-19 03:45:00+00:00
UBL.NS,United Breweries Limited,Consumer Defensive,448457572352,2008-07-28 03:45:00+00:00
NESTLEIND.NS,Nestl√© India Limited,Consumer Defensive,2437389484032,2002-08-12 03:45:00+00:00
HINDPETRO.NS,Hindustan Petroleum Corporation Limited,Energy,984117870592,1996-01-02 03:45:00+00:00
GODFRYPHLP.NS,Godfrey Phillips India Limited,Consumer Defensive,457120153600,1999-01-04 03:45:00+00:00
POLICYBZR.NS,PB Fintech Limited,Financial Services,835438641152,2021-11-15 03:45:00+00:00
MRPL.NS,Mangalore Refinery and Petrochemicals Limited,Energy,282168393728,1996-01-01 03:45:00+00:00
SAMMAANCAP.NS,Sammaan Capital Limited,Financial Services,126725791744,2013-07-23 03:45:00+00:00
JSL.NS,Jindal Stainless Limited,Basic Materials,635371716608,2003-11-17 03:45:00+00:00
SONACOMS.NS,Sona BLW Precision Forgings Limited,Consumer Cyclical,318055317504,2021-06-24 03:45:00+00:00
AEGISVOPAK.NS,AEGIS VOPAK TERMINALS LTD,Energy,290293776384,2025-06-02 03:45:00+00:00
CANFINHOME.NS,Can Fin Homes Limited,Financial Services,117981216768,2002-07-01 03:45:00+00:00
IOC.NS,Indian Oil Corporation Limited,Energy,2308257873920,1996-04-15 03:45:00+00:00
ITCHOTELS.NS,ITC HOTELS LIMITED,Consumer Cyclical,439439654912,2025-01-29 03:45:00+00:00
INOXINDIA.NS,INOX India Limited,Industrials,107427684352,2023-12-21 03:45:00+00:00
SCI.NS,The Shipping Corporation of India Limited,Industrials,107459829760,2002-07-01 03:45:00+00:00
COROMANDEL.NS,Coromandel International Limited,Basic Materials,694276587520,2002-08-12 03:45:00+00:00
TEJASNET.NS,Tejas Networks Limited,Technology,89777094656,2017-06-27 03:45:00+00:00
SAILIFE.NS,SAI LIFE SCIENCES LIMITED,Healthcare,184575606784,2024-12-18 03:45:00+00:00
AFFLE.NS,Affle 3i Limited,Communication Services,235530207232,2019-08-08 03:45:00+00:00
WOCKPHARMA.NS,Wockhardt Limited,Healthcare,208899932160,2002-07-01 03:45:00+00:00
BPCL.NS,Bharat Petroleum Corporation Limited,Energy,1579432935424,1996-01-02 03:45:00+00:00
MAHSEAMLES.NS,Maharashtra Seamless Limited,Basic Materials,76915564544,2002-07-01 03:45:00+00:00
SCHAEFFLER.NS,Schaeffler India Limited,Consumer Cyclical,598095953920,2002-07-01 03:45:00+00:00
ASTRAL.NS,Astral Limited,Industrials,394754588672,2007-03-20 03:45:00+00:00
SKFINDIA.NS,SKF India Limited,Industrials,95410331648,2002-08-12 03:45:00+00:00
DIXON.NS,Dixon Technologies (India) Limited,Technology,884346716160,2017-09-18 03:45:00+00:00
ESCORTS.NS,Escorts Kubota Limited,Industrials,420606443520,1996-01-01 03:45:00+00:00
JYOTHYLAB.NS,Jyothy Labs Limited,Consumer Defensive,111504678912,2007-12-19 03:45:00+00:00
GILLETTE.NS,Gillette India Limited,Consumer Defensive,284925132800,2002-07-01 03:45:00+00:00
MAPMYINDIA.NS,C. E. Info Systems Limited,Technology,90602864640,2021-12-21 03:45:00+00:00
NAVINFLUOR.NS,Navin Fluorine International Limited,Basic Materials,293651415040,2007-06-01 03:45:00+00:00
NH.NS,Narayana Hrudayalaya Limited,Healthcare,396877398016,2016-01-06 03:45:00+00:00
EMAMILTD.NS,Emami Limited,Consumer Defensive,231710343168,2006-08-03 03:45:00+00:00
INFY.NS,Infosys Limited,Technology,6473249718272,1996-01-01 03:45:00+00:00
BLS.NS,BLS International Services Limited,Industrials,132111663104,2016-06-15 03:45:00+00:00
TIINDIA.NS,Tube Investments of India Limited,Industrials,549526437888,2017-11-02 03:45:00+00:00
PRAJIND.NS,Praj Industries Limited,Industrials,59417579520,2002-07-01 03:45:00+00:00
RVNL.NS,Rail Vikas Nigam Limited,Industrials,676830117888,2019-04-11 03:45:00+00:00
ARE&M.NS,Amara Raja Energy & Mobility Limited,Industrials,173141983232,2023-10-18 03:45:00+00:00
CAMS.NS,Computer Age Management Services Limited,Technology,192943702016,2020-10-05 03:45:00+00:00
MEDANTA.NS,Global Health Limited,Healthcare,334480474112,2022-11-18 03:45:00+00:00
LALPATHLAB.NS,Dr. Lal PathLabs Limited,Healthcare,259474178048,2015-12-23 03:45:00+00:00
ABSLAMC.NS,Aditya Birla Sun Life AMC Limited,Financial Services,210338955264,2021-10-11 03:45:00+00:00
APOLLOTYRE.NS,Apollo Tyres Limited,Consumer Cyclical,328301903872,2002-01-01 03:45:00+00:00
KPITTECH.NS,KPIT Technologies Limited,Technology,330336108544,2019-04-22 03:45:00+00:00
RELINFRA.NS,Reliance Infrastructure Limited,Utilities,67696852992,1996-01-01 03:45:00+00:00
BBTC.NS,The Bombay Burmah Trading Corporation Limited,Consumer Defensive,129059348480,2002-07-01 03:45:00+00:00
STARHEALTH.NS,Star Health and Allied Insurance Company Limited,Financial Services,288753811456,2021-12-10 03:45:00+00:00
GRAVITA.NS,Gravita India Limited,Industrials,134003802112,2010-11-16 03:45:00+00:00
BLUESTARCO.NS,Blue Star Limited,Industrials,362105307136,2002-07-01 03:45:00+00:00
ELECON.NS,Elecon Engineering Company Limited,Industrials,112164954112,2006-09-29 03:45:00+00:00
MSUMI.NS,Motherson Sumi Wiring India Limited,Consumer Cyclical,305653317632,2022-03-28 03:45:00+00:00
PAYTM.NS,One97 Communications Limited,Technology,825452789760,2021-11-18 03:45:00+00:00
BHARTIHEXA.NS,BHARTI HEXACOM LIMITED,Communication Services,879550005248,2024-04-12 03:45:00+00:00
TATAINVEST.NS,Tata Investment Corporation Limited,Financial Services,383357321216,1996-01-01 03:45:00+00:00
NTPCGREEN.NS,NTPC GREEN ENERGY LIMITED,Utilities,800079937536,2024-11-27 03:45:00+00:00
FIRSTCRY.NS,BRAINBEES SOLUTIONS LTD,Consumer Cyclical,148219576320,2024-08-13 03:45:00+00:00
ASTERDM.NS,Aster DM Healthcare Limited,Healthcare,345508642816,2018-02-26 03:45:00+00:00
SWANCORP.NS,Swan Corp Limited,Industrials,138390765568,2012-05-29 03:45:00+00:00
TATACONSUM.NS,Tata Consumer Products Limited,Consumer Defensive,1160686338048,1996-01-01 03:45:00+00:00
LLOYDSME.NS,Lloyds Metals and Energy Limited,Basic Materials,652992380928,2023-07-17 03:45:00+00:00
CASTROLIND.NS,Castrol India Limited,Energy,189021290496,2002-08-12 03:45:00+00:00
TBOTEK.NS,TBO TEK LIMITED,Consumer Cyclical,180044644352,2024-05-15 03:45:00+00:00
KIRLOSBROS.NS,Kirloskar Brothers Limited,Industrials,135296630784,2006-04-07 03:45:00+00:00
GSPL.NS,Gujarat State Petronet Limited,Utilities,166418350080,2006-02-16 03:45:00+00:00
APTUS.NS,Aptus Value Housing Finance India Limited,Financial Services,140967723008,2021-08-24 03:45:00+00:00
CERA.NS,Cera Sanitaryware Limited,Industrials,71586799616,2007-11-02 03:45:00+00:00
LTIM.NS,LTIMindtree Limited,Technology,1770685988864,2016-07-21 03:45:00+00:00
ZFCVINDIA.NS,ZF Commercial Vehicle Control Systems India Limited,Consumer Cyclical,248247746560,2002-08-12 03:45:00+00:00
REDINGTON.NS,Redington Limited,Technology,222141186048,2007-02-15 03:45:00+00:00
HAPPSTMNDS.NS,Happiest Minds Technologies Limited,Technology,74902716416,2020-09-17 03:45:00+00:00
NAM-INDIA.NS,Nippon Life India Asset Management Limited,Financial Services,551540228096,2017-11-06 03:45:00+00:00
NEWGEN.NS,Newgen Software Technologies Limited,Technology,123847557120,2018-01-29 03:45:00+00:00
ADANIENT.NS,Adani Enterprises Limited,Energy,2709364670464,2002-07-01 03:45:00+00:00
MOTILALOFS.NS,Motilal Oswal Financial Services Limited,Financial Services,554551476224,2007-09-11 03:45:00+00:00
VGUARD.NS,V-Guard Industries Limited,Industrials,147604291584,2008-03-13 03:45:00+00:00
VIJAYA.NS,Vijaya Diagnostic Centre Limited,Healthcare,102735208448,2021-09-14 03:45:00+00:00
LTTS.NS,L&T Technology Services Limited,Technology,463253635072,2016-09-23 03:45:00+00:00
VTL.NS,Vardhman Textiles Limited,Consumer Cyclical,123557904384,2002-07-01 03:45:00+00:00
KSB.NS,KSB Limited,Industrials,128963059712,2002-07-01 03:45:00+00:00
SUNDRMFAST.NS,Sundram Fasteners Limited,Consumer Cyclical,200367898624,2002-07-01 03:45:00+00:00
TIMKEN.NS,Timken India Limited,Industrials,236638142464,2002-08-12 03:45:00+00:00
ENGINERSIN.NS,Engineers India Limited,Industrials,112470294528,1997-09-16 03:45:00+00:00
ASAHIINDIA.NS,Asahi India Glass Limited,Consumer Cyclical,260994465792,2002-07-01 03:45:00+00:00
DEEPAKNTR.NS,Deepak Nitrite Limited,Basic Materials,213240135680,2010-09-29 03:45:00+00:00
ECLERX.NS,eClerx Services Limited,Technology,211539918848,2007-12-31 03:45:00+00:00
TATACOMM.NS,Tata Communications Limited,Communication Services,526109999104,2002-07-01 03:45:00+00:00
FIVESTAR.NS,Five-Star Business Finance Limited,Financial Services,174564442112,2022-11-21 03:45:00+00:00
AGARWALEYE.NS,DR AGARWALS HEALTH CARE L,Healthcare,166195232768,2025-02-04 03:45:00+00:00
PVRINOX.NS,PVR INOX Limited,Communication Services,105004867584,2022-11-10 03:45:00+00:00
RITES.NS,RITES Limited,Industrials,114835316736,2018-07-03 03:45:00+00:00
ACC.NS,ACC Limited,Basic Materials,351477465088,2002-07-01 03:45:00+00:00
SWIGGY.NS,SWIGGY LIMITED,Consumer Cyclical,898625175552,2024-11-13 03:45:00+00:00
AAVAS.NS,Aavas Financiers Limited,Financial Services,125673717760,2018-10-08 03:45:00+00:00
SCHNEIDER.NS,Schneider Electric Infrastructure Limited,Industrials,171676696576,2012-03-20 03:45:00+00:00
ERIS.NS,Eris Lifesciences Limited,Healthcare,219608875008,2017-06-30 03:45:00+00:00
CLEAN.NS,Clean Science and Technology Limited,Basic Materials,97867538432,2021-07-19 03:45:00+00:00
KPRMILL.NS,K.P.R. Mill Limited,Consumer Cyclical,370799869952,2007-08-28 03:45:00+00:00
ENRIN.NS,Siemens Energy India Limited,Utilities,1109813886976,2025-06-19 03:45:00+00:00
HONAUT.NS,Honeywell Automation India Limited,Industrials,314271924224,2002-07-01 03:45:00+00:00
ELGIEQUIP.NS,Elgi Equipments Limited,Industrials,157677256704,2002-07-01 03:45:00+00:00
ITI.NS,ITI Limited,Technology,303063891968,2002-07-01 03:45:00+00:00
AIIL.NS,Authum Investment & Infrastructure Limited,Financial Services,464781115392,2024-04-23 03:45:00+00:00
AWL.NS,AWL Agri Business Limited,Consumer Defensive,338910773248,2022-02-08 03:45:00+00:00
